EmployeeNumber,Age,Gender,MaritalStatus,dept_id,edu_id
1,41,Female,Single,0,0
2,49,Male,Married,1,0
4,37,Male,Single,1,1
5,33,Female,Married,1,0
7,27,Male,Married,1,2
8,32,Male,Single,1,0
10,59,Female,Married,1,2
11,30,Male,Divorced,1,0
12,38,Male,Single,1,0
13,36,Male,Married,1,2
14,35,Male,Married,1,2
15,29,Female,Single,1,0
16,31,Male,Divorced,1,0
18,34,Male,Divorced,1,2
19,28,Male,Single,1,0
20,29,Female,Divorced,1,0
21,32,Male,Divorced,1,0
22,22,Male,Divorced,1,2
23,53,Female,Married,0,0
24,38,Male,Single,1,0
26,24,Female,Divorced,1,1
27,36,Male,Single,0,0
28,34,Female,Single,1,0
30,21,Male,Single,1,0
31,34,Male,Single,1,2
32,53,Female,Divorced,1,1
33,32,Female,Single,1,0
35,42,Male,Married,0,3
36,44,Female,Married,1,2
38,46,Female,Single,0,3
39,33,Male,Single,1,2
40,44,Male,Married,1,1
41,30,Male,Single,1,2
42,39,Male,Married,0,4
45,24,Male,Married,1,2
46,43,Female,Divorced,1,2
47,50,Male,Married,0,3
49,35,Female,Married,0,3
51,36,Female,Married,1,0
52,33,Female,Married,0,0
53,35,Male,Divorced,1,1
54,27,Female,Divorced,1,0
55,26,Male,Single,1,0
56,27,Male,Single,0,0
57,30,Female,Single,1,2
58,41,Female,Married,1,4
60,34,Male,Single,0,3
61,37,Male,Married,1,0
62,46,Male,Single,0,3
63,35,Male,Married,1,0
64,48,Male,Single,1,0
65,28,Male,Single,1,4
68,44,Female,Divorced,0,3
70,35,Male,Married,1,2
72,26,Female,Married,0,3
73,33,Female,Single,1,0
74,35,Male,Married,0,0
75,35,Female,Married,1,2
76,31,Male,Divorced,1,0
77,37,Male,Divorced,1,0
78,32,Male,Married,1,2
79,38,Female,Single,1,0
80,50,Female,Divorced,1,2
81,59,Female,Single,0,0
83,36,Female,Divorced,1,4
84,55,Female,Divorced,1,2
85,36,Male,Single,1,0
86,45,Male,Divorced,1,0
88,35,Male,Married,1,2
90,36,Male,Married,1,2
91,59,Female,Single,0,0
94,29,Male,Married,1,0
95,31,Male,Single,1,2
96,32,Male,Married,1,0
97,36,Female,Married,1,0
98,31,Female,Single,1,0
100,35,Male,Single,0,3
101,45,Male,Married,1,1
102,37,Male,Single,1,2
103,46,Male,Divorced,2,2
104,30,Male,Married,1,0
105,35,Male,Single,1,2
106,55,Male,Married,0,0
107,38,Female,Divorced,1,2
110,34,Male,Married,1,2
112,56,Male,Single,1,0
113,23,Male,Divorced,0,4
116,51,Male,Married,1,0
117,30,Male,Married,1,0
118,46,Male,Single,0,2
119,40,Male,Married,1,0
120,51,Male,Single,0,3
121,30,Female,Divorced,0,2
124,46,Male,Married,1,2
125,32,Male,Single,0,2
126,54,Female,Married,1,4
128,24,Female,Married,0,1
129,28,Male,Married,0,2
131,58,Male,Single,0,2
132,44,Male,Married,1,2
133,37,Male,Divorced,2,5
134,32,Male,Single,1,0
137,20,Female,Single,1,0
138,34,Female,Single,1,1
139,37,Male,Divorced,1,0
140,59,Female,Married,2,5
141,50,Female,Married,1,0
142,25,Male,Single,0,3
143,25,Male,Married,1,2
144,22,Female,Single,1,2
145,51,Female,Single,1,2
147,34,Male,Single,1,0
148,54,Female,Single,2,5
150,24,Male,Married,1,0
151,34,Female,Divorced,1,0
152,37,Male,Single,0,0
153,34,Female,Single,1,2
154,36,Female,Married,0,4
155,36,Female,Divorced,1,0
158,43,Male,Married,0,0
159,30,Male,Divorced,1,0
160,33,Male,Married,0,3
161,56,Female,Married,1,0
162,51,Male,Single,1,0
163,31,Male,Married,0,0
164,26,Female,Married,1,1
165,58,Female,Married,1,2
167,19,Male,Single,0,3
169,22,Male,Married,1,4
170,49,Female,Married,1,2
171,43,Female,Single,1,2
174,50,Female,Single,0,3
175,31,Female,Married,0,0
176,41,Male,Divorced,0,0
177,26,Female,Married,2,0
178,36,Male,Divorced,1,2
179,51,Male,Single,1,0
182,39,Female,Married,0,0
183,25,Male,Married,0,0
184,30,Male,Married,2,5
190,32,Female,Single,1,2
192,45,Male,Single,1,2
193,38,Female,Single,1,4
194,30,Female,Single,1,0
195,32,Male,Divorced,0,2
197,30,Female,Divorced,1,4
198,30,Male,Single,1,2
199,41,Male,Divorced,1,0
200,41,Male,Married,1,0
201,19,Female,Single,1,2
202,40,Female,Divorced,1,2
204,35,Male,Married,0,3
205,53,Male,Married,0,3
206,45,Male,Divorced,1,0
207,32,Female,Single,0,3
208,29,Male,Married,1,4
211,51,Male,Married,1,2
214,58,Female,Married,1,2
215,40,Male,Married,0,3
216,34,Female,Married,0,3
217,22,Male,Married,1,2
218,27,Male,Divorced,1,2
221,28,Male,Married,1,2
223,57,Male,Divorced,1,0
224,27,Male,Divorced,1,2
226,50,Female,Single,1,0
227,41,Male,Divorced,1,0
228,30,Female,Married,0,0
230,38,Female,Single,0,0
231,32,Male,Single,1,0
233,27,Male,Married,1,4
235,19,Female,Single,0,4
238,36,Male,Single,1,2
239,30,Male,Divorced,1,2
240,45,Female,Divorced,0,0
241,56,Female,Divorced,1,0
242,33,Male,Single,1,0
243,19,Male,Single,1,0
244,46,Female,Divorced,0,3
245,38,Female,Single,1,0
246,31,Female,Married,1,2
247,34,Female,Single,1,2
248,41,Female,Single,0,3
249,50,Male,Married,1,2
250,53,Female,Divorced,1,2
252,33,Female,Married,1,2
253,40,Female,Married,1,2
254,55,Male,Single,1,2
256,34,Male,Married,1,0
258,51,Female,Single,1,2
259,52,Male,Married,1,0
260,27,Female,Single,1,2
261,35,Male,Married,1,0
262,43,Male,Divorced,1,2
264,45,Male,Married,1,2
267,37,Male,Married,1,0
269,35,Female,Single,1,2
270,42,Female,Divorced,1,2
271,38,Male,Married,1,0
273,38,Male,Married,1,4
274,27,Male,Married,1,4
275,49,Male,Divorced,1,0
277,34,Male,Divorced,1,2
281,40,Male,Married,1,2
282,38,Male,Married,1,2
283,29,Female,Married,0,3
284,22,Male,Divorced,1,0
286,36,Female,Single,1,2
287,40,Male,Married,1,0
288,46,Male,Divorced,1,2
291,32,Male,Married,0,2
292,30,Male,Single,1,0
293,27,Female,Single,0,0
296,51,Male,Married,1,0
297,30,Female,Single,1,4
298,41,Female,Single,0,0
299,30,Female,Single,0,3
300,29,Male,Single,1,4
302,45,Female,Single,0,2
303,54,Female,Married,0,3
304,36,Male,Single,1,0
305,33,Female,Married,1,2
306,37,Male,Divorced,1,1
307,38,Male,Divorced,0,0
308,31,Male,Married,1,2
309,59,Male,Married,1,0
311,37,Male,Divorced,0,3
312,29,Female,Married,0,2
314,35,Female,Single,0,3
315,29,Male,Single,1,2
316,52,Female,Single,1,0
319,42,Male,Married,1,4
321,59,Male,Married,2,2
323,50,Female,Divorced,0,2
325,33,Male,Married,1,2
327,43,Female,Married,0,3
328,33,Female,Married,1,0
329,52,Male,Single,0,0
330,32,Female,Married,0,0
331,32,Male,Single,1,0
332,39,Female,Divorced,1,2
333,32,Male,Married,0,3
334,41,Male,Divorced,1,0
335,40,Male,Divorced,1,4
336,45,Male,Married,1,1
337,31,Male,Divorced,1,2
338,33,Female,Married,1,0
339,34,Male,Married,1,0
340,37,Female,Married,1,2
341,45,Male,Married,1,0
342,37,Male,Divorced,1,2
343,39,Female,Single,1,4
346,29,Male,Single,1,0
347,42,Female,Single,1,0
349,29,Male,Divorced,0,3
350,25,Female,Married,1,0
351,42,Female,Divorced,1,2
352,40,Male,Divorced,1,2
353,51,Male,Married,1,0
355,31,Male,Single,1,2
359,32,Male,Married,1,0
361,38,Male,Married,0,0
362,32,Male,Single,1,4
363,46,Female,Married,0,4
364,28,Male,Single,1,0
366,29,Male,Married,0,2
367,31,Male,Married,1,2
369,25,Male,Divorced,1,0
372,45,Male,Married,1,2
373,36,Male,Married,1,0
374,55,Male,Single,1,2
376,47,Male,Married,1,0
377,28,Male,Married,1,2
378,37,Male,Married,0,2
379,21,Male,Single,1,2
380,37,Female,Divorced,1,2
381,35,Female,Divorced,1,0
382,38,Female,Divorced,0,2
384,26,Female,Divorced,1,0
385,50,Male,Divorced,1,0
386,53,Male,Married,1,2
387,42,Male,Married,0,0
388,29,Male,Single,0,0
389,55,Male,Married,1,4
390,26,Male,Married,1,2
391,37,Female,Single,1,0
392,44,Male,Divorced,1,0
393,38,Male,Divorced,1,0
394,26,Male,Divorced,1,2
395,28,Female,Single,1,0
396,49,Female,Single,1,0
397,36,Male,Single,1,4
399,31,Female,Divorced,0,3
401,26,Male,Single,0,3
403,37,Male,Married,1,2
404,42,Female,Married,0,3
405,18,Male,Single,1,0
406,35,Male,Married,0,3
407,36,Male,Married,1,0
408,51,Male,Divorced,1,2
410,41,Male,Single,0,0
411,18,Female,Single,0,2
412,28,Male,Single,1,2
416,31,Male,Married,0,4
417,39,Male,Divorced,1,2
419,36,Female,Married,1,0
420,32,Male,Married,0,0
421,38,Female,Married,1,0
422,58,Male,Divorced,1,0
423,31,Male,Married,1,4
424,31,Male,Married,2,5
425,45,Male,Divorced,1,0
426,31,Male,Divorced,1,0
428,33,Female,Married,1,0
429,39,Male,Married,1,2
430,43,Female,Single,1,0
431,49,Female,Single,1,4
433,52,Male,Married,1,2
434,27,Female,Single,1,0
436,32,Female,Married,0,4
437,27,Male,Single,0,0
438,31,Male,Divorced,0,3
439,32,Female,Single,1,2
440,28,Male,Married,1,2
441,30,Female,Married,1,2
442,31,Female,Married,1,0
444,39,Male,Married,1,2
445,39,Female,Married,0,2
446,33,Male,Single,0,3
447,47,Male,Married,1,0
448,43,Female,Divorced,1,0
449,27,Male,Married,0,3
450,54,Female,Single,1,0
451,43,Female,Married,1,0
452,45,Male,Married,1,1
453,40,Male,Married,0,2
454,29,Male,Married,1,1
455,29,Male,Single,1,1
456,30,Female,Divorced,0,3
458,27,Female,Married,0,3
460,37,Male,Divorced,1,2
461,38,Male,Divorced,1,0
462,31,Female,Single,1,2
463,29,Female,Divorced,0,3
464,35,Male,Single,1,4
465,23,Male,Divorced,1,0
466,41,Male,Single,1,2
467,47,Male,Single,0,2
468,42,Female,Single,1,0
469,29,Male,Married,0,0
470,42,Male,Divorced,2,4
471,32,Female,Married,1,2
473,48,Female,Married,0,2
474,37,Male,Divorced,1,2
475,30,Female,Married,0,4
476,26,Male,Married,0,0
477,42,Male,Single,1,1
478,21,Female,Single,0,4
479,36,Female,Single,0,2
481,36,Male,Married,0,2
482,57,Male,Married,1,2
483,40,Female,Married,1,0
484,21,Male,Single,0,2
485,33,Female,Single,0,3
486,37,Female,Married,1,2
487,46,Female,Married,1,2
488,41,Male,Single,0,3
491,50,Male,Single,1,4
492,40,Male,Married,0,3
493,31,Male,Single,1,0
494,21,Female,Single,0,0
495,29,Male,Single,1,0
496,35,Male,Single,1,0
497,27,Male,Divorced,1,2
498,28,Male,Single,0,0
499,49,Male,Single,1,1
500,51,Female,Married,0,0
501,36,Female,Married,1,0
502,34,Male,Single,0,3
505,55,Female,Single,1,0
507,24,Female,Divorced,0,3
508,30,Male,Married,0,4
510,26,Male,Single,1,4
511,22,Female,Married,1,2
513,36,Male,Married,0,2
514,30,Male,Single,1,4
515,37,Female,Divorced,1,0
516,40,Female,Divorced,0,3
517,42,Female,Divorced,1,0
518,37,Male,Single,1,0
520,43,Male,Divorced,1,0
521,40,Female,Married,1,2
522,54,Male,Married,1,2
523,34,Female,Married,0,3
524,31,Female,Married,1,2
525,43,Male,Married,1,2
526,43,Female,Divorced,1,1
527,25,Female,Single,0,0
529,37,Female,Married,1,2
530,31,Male,Married,1,0
531,39,Male,Divorced,1,0
532,56,Female,Married,0,0
533,30,Female,Single,0,4
534,41,Male,Married,0,3
536,28,Male,Divorced,1,2
538,25,Male,Married,1,2
543,52,Male,Married,1,2
544,45,Male,Married,1,0
546,52,Female,Married,1,0
547,42,Female,Divorced,1,0
548,30,Female,Single,1,0
549,60,Female,Married,1,0
550,46,Female,Divorced,1,2
551,42,Female,Married,1,4
554,24,Female,Single,0,4
555,34,Female,Divorced,0,3
556,38,Male,Married,1,0
558,40,Female,Married,0,0
560,26,Female,Divorced,1,0
562,30,Male,Married,1,0
564,29,Male,Married,1,2
565,29,Female,Married,1,4
566,19,Male,Single,2,4
567,30,Female,Married,0,1
568,57,Male,Divorced,0,3
569,50,Male,Married,1,0
571,30,Female,Single,1,2
573,60,Female,Married,0,3
574,47,Female,Divorced,1,2
575,46,Male,Married,1,0
577,35,Male,Single,1,0
578,54,Female,Single,1,0
579,34,Male,Divorced,1,0
580,46,Female,Married,0,3
581,31,Male,Divorced,1,0
582,33,Male,Married,1,2
584,33,Male,Divorced,1,2
585,30,Male,Single,0,3
586,35,Male,Married,1,0
587,31,Male,Married,1,0
590,34,Female,Divorced,2,5
591,42,Male,Married,1,1
592,36,Male,Single,0,2
593,22,Male,Single,1,4
595,48,Female,Married,0,3
597,55,Female,Single,0,0
599,41,Male,Single,0,0
600,35,Male,Married,0,3
601,40,Female,Single,1,0
602,39,Female,Married,1,0
604,31,Male,Single,0,0
605,42,Male,Married,1,2
606,45,Male,Married,0,1
608,26,Female,Divorced,2,0
611,29,Male,Divorced,1,4
612,33,Female,Divorced,1,2
613,31,Male,Divorced,0,0
614,18,Male,Single,0,3
615,40,Male,Divorced,0,1
616,41,Female,Single,1,1
618,26,Male,Divorced,0,2
620,35,Female,Single,0,2
621,34,Male,Single,0,0
622,26,Male,Single,1,4
623,37,Female,Single,1,4
624,46,Female,Married,1,2
625,41,Female,Married,0,0
626,37,Male,Divorced,0,2
630,52,Male,Divorced,1,4
631,32,Male,Married,0,1
632,24,Male,Married,0,2
634,38,Female,Married,1,2
635,37,Female,Married,1,0
638,49,Male,Divorced,1,0
639,24,Male,Married,1,2
641,26,Male,Married,0,3
643,24,Male,Married,1,1
644,50,Male,Married,2,2
645,25,Male,Married,0,2
647,24,Female,Married,1,0
648,30,Male,Married,0,0
649,34,Male,Married,1,0
650,31,Male,Divorced,0,2
652,35,Male,Single,1,1
653,31,Male,Divorced,0,2
655,27,Female,Divorced,1,2
656,37,Male,Married,0,3
657,20,Female,Single,1,0
659,42,Female,Married,1,0
661,43,Male,Divorced,1,1
662,38,Female,Single,1,0
663,43,Male,Divorced,1,2
664,48,Female,Married,1,0
665,44,Female,Single,2,0
666,34,Female,Divorced,0,4
667,27,Male,Divorced,0,3
669,21,Male,Single,0,4
671,44,Male,Married,1,1
675,22,Male,Married,1,2
677,33,Male,Divorced,0,3
679,32,Female,Married,1,0
680,30,Female,Divorced,1,2
682,53,Female,Single,0,2
683,34,Male,Married,1,0
684,45,Female,Married,0,0
686,26,Female,Married,1,0
689,37,Male,Married,1,1
690,29,Female,Married,0,2
691,35,Male,Single,1,0
692,33,Male,Divorced,1,0
698,54,Male,Married,2,2
699,36,Male,Divorced,1,2
700,27,Male,Single,1,2
701,20,Male,Single,1,2
702,33,Male,Single,1,0
704,35,Male,Married,1,0
705,23,Male,Married,1,2
707,25,Male,Married,0,0
709,38,Female,Single,0,3
710,29,Male,Divorced,1,0
712,48,Male,Married,0,3
714,27,Female,Divorced,0,2
715,37,Male,Single,1,0
716,50,Male,Married,1,2
717,34,Female,Single,1,2
720,24,Female,Single,0,0
721,39,Female,Single,1,4
722,32,Male,Single,0,3
723,50,Male,Married,0,4
724,38,Female,Single,1,0
725,27,Female,Married,1,0
727,32,Female,Single,1,0
728,47,Male,Single,0,3
729,40,Male,Married,0,0
730,53,Male,Married,1,0
731,41,Male,Divorced,2,5
732,60,Male,Single,0,3
733,27,Male,Divorced,1,0
734,41,Male,Married,2,5
738,50,Male,Married,0,3
741,28,Female,Single,1,0
742,36,Female,Married,1,0
743,38,Female,Single,1,0
744,44,Male,Single,1,2
746,47,Female,Divorced,0,2
747,30,Male,Divorced,0,3
749,29,Male,Single,0,0
752,42,Male,Divorced,1,2
754,43,Male,Married,0,0
757,34,Female,Single,1,2
758,23,Male,Married,1,2
760,39,Female,Married,2,5
762,56,Male,Married,1,2
763,40,Female,Single,1,2
764,27,Female,Single,1,2
766,29,Male,Divorced,0,3
769,53,Male,Single,1,0
771,35,Female,Divorced,1,0
772,32,Male,Married,1,0
773,38,Male,Married,1,2
775,34,Female,Divorced,1,0
776,52,Male,Married,0,3
780,33,Male,Single,1,1
781,25,Female,Single,0,2
783,45,Male,Single,0,4
784,23,Male,Single,1,2
785,47,Female,Single,0,0
786,34,Male,Single,0,1
787,55,Male,Married,1,2
789,36,Male,Single,0,0
791,52,Male,Married,1,2
792,26,Female,Divorced,1,0
793,29,Female,Married,1,2
796,26,Male,Single,0,4
797,34,Female,Single,1,0
799,54,Female,Divorced,1,2
800,27,Male,Married,0,3
802,37,Female,Divorced,1,0
803,38,Female,Single,1,0
804,34,Female,Single,1,2
805,35,Female,Married,0,0
806,30,Male,Married,1,0
807,40,Female,Married,1,2
808,34,Female,Married,0,0
809,42,Male,Divorced,1,0
811,23,Male,Married,1,0
812,24,Male,Divorced,1,0
813,52,Female,Married,1,0
815,50,Male,Married,1,2
816,29,Female,Married,1,0
817,33,Male,Married,1,2
819,33,Female,Single,0,3
820,47,Female,Married,1,1
823,36,Female,Married,1,1
824,29,Male,Married,1,0
825,58,Male,Single,1,0
826,35,Female,Single,1,0
827,42,Female,Married,1,0
828,28,Male,Single,1,2
829,36,Male,Married,2,5
830,32,Female,Married,1,0
832,40,Male,Single,1,2
833,30,Female,Single,1,2
834,45,Female,Single,1,0
836,42,Male,Married,1,0
837,38,Male,Divorced,1,0
838,34,Female,Single,1,0
840,49,Female,Married,0,3
842,55,Male,Single,0,2
843,43,Male,Married,1,0
844,27,Male,Divorced,1,4
845,35,Male,Single,1,1
846,28,Female,Married,0,3
847,34,Male,Married,2,5
848,26,Female,Married,1,2
850,27,Male,Married,1,2
851,51,Female,Married,0,3
852,44,Male,Single,1,2
854,25,Male,Single,1,2
855,33,Male,Divorced,0,2
856,35,Female,Single,1,2
857,36,Male,Married,0,0
859,32,Male,Divorced,0,0
861,30,Male,Divorced,1,0
862,53,Female,Married,0,3
864,45,Male,Divorced,0,3
865,32,Female,Married,1,2
867,52,Female,Married,1,2
868,37,Male,Divorced,0,3
869,28,Male,Divorced,2,2
872,22,Male,Married,1,0
874,44,Male,Married,1,0
875,42,Male,Single,1,2
878,36,Male,Married,2,0
879,25,Male,Married,0,1
880,35,Female,Married,1,0
881,35,Female,Divorced,1,0
882,32,Male,Divorced,1,0
885,25,Male,Married,0,3
887,49,Female,Married,1,4
888,24,Male,Married,1,0
889,32,Male,Married,0,0
893,38,Male,Married,0,3
894,42,Female,Married,1,0
895,31,Male,Married,1,0
896,29,Female,Divorced,0,2
897,53,Male,Married,0,3
899,35,Male,Married,1,4
900,37,Female,Married,0,2
901,53,Female,Single,1,0
902,43,Female,Married,1,0
903,47,Female,Married,0,3
904,37,Male,Single,0,2
905,50,Male,Divorced,1,0
909,39,Female,Married,2,0
910,33,Male,Divorced,2,5
911,32,Male,Single,1,0
912,29,Female,Divorced,1,2
913,44,Male,Married,1,0
916,28,Male,Single,0,2
918,58,Male,Divorced,1,0
920,43,Female,Divorced,1,0
922,20,Female,Single,0,2
923,21,Female,Single,1,1
924,36,Male,Married,1,0
925,47,Female,Single,0,0
926,22,Female,Married,1,0
927,41,Female,Divorced,1,0
930,28,Female,Divorced,1,2
932,39,Male,Married,1,2
933,27,Female,Single,1,0
934,34,Male,Divorced,1,0
936,42,Female,Single,0,2
939,33,Male,Single,1,1
940,58,Female,Divorced,1,4
941,31,Male,Married,0,0
942,35,Female,Married,1,0
944,49,Female,Married,1,1
945,48,Male,Married,1,2
947,31,Female,Married,0,3
949,36,Male,Single,1,1
950,38,Female,Married,1,4
951,32,Female,Married,1,0
952,25,Male,Married,0,3
954,40,Male,Divorced,0,3
956,26,Male,Single,0,2
957,41,Male,Single,1,2
958,36,Male,Single,1,2
959,19,Male,Single,0,1
960,20,Male,Single,1,4
961,31,Female,Married,1,2
964,40,Male,Divorced,1,2
966,32,Female,Married,1,2
967,36,Male,Married,0,0
969,33,Female,Single,1,0
970,37,Male,Married,0,0
972,45,Male,Married,1,0
974,29,Female,Married,0,4
975,35,Female,Married,0,2
976,52,Male,Married,1,0
977,58,Male,Single,1,4
981,53,Male,Divorced,0,2
982,30,Male,Divorced,0,1
983,38,Female,Single,0,4
984,35,Male,Divorced,0,0
985,39,Male,Single,0,0
986,40,Female,Single,0,0
987,47,Male,Divorced,1,2
990,36,Male,Divorced,0,4
991,31,Male,Single,1,2
992,33,Male,Single,0,0
994,29,Female,Single,1,0
995,33,Female,Single,1,0
996,45,Female,Divorced,1,2
997,50,Male,Divorced,1,2
998,33,Female,Married,1,1
999,41,Male,Divorced,1,2
1001,27,Female,Married,1,4
1002,45,Male,Married,1,0
1003,47,Female,Single,0,0
1004,30,Female,Married,1,0
1005,50,Male,Married,1,0
1006,38,Male,Married,1,2
1007,46,Male,Divorced,1,2
1009,24,Female,Divorced,1,2
1010,35,Male,Divorced,1,1
1011,31,Female,Married,1,0
1012,18,Male,Single,1,0
1013,54,Female,Married,1,4
1014,35,Female,Divorced,1,2
1015,30,Female,Married,1,0
1016,20,Female,Single,1,2
1017,30,Female,Single,1,2
1018,26,Male,Married,1,2
1019,22,Male,Married,1,0
1022,48,Male,Single,1,0
1024,48,Male,Single,1,0
1025,41,Female,Single,1,2
1026,39,Female,Married,1,0
1027,27,Female,Married,1,0
1028,35,Male,Divorced,1,1
1029,42,Male,Married,0,3
1030,50,Male,Married,1,0
1032,59,Female,Single,1,0
1033,37,Female,Married,1,2
1034,55,Male,Married,1,2
1035,41,Female,Divorced,1,0
1036,38,Male,Single,0,0
1037,26,Male,Single,0,2
1038,52,Female,Married,0,3
1039,44,Female,Married,0,2
1040,50,Female,Married,0,0
1042,36,Female,Single,1,0
1043,39,Female,Single,1,2
1044,33,Female,Single,0,0
1045,45,Female,Married,0,0
1046,32,Female,Single,1,2
1047,34,Male,Divorced,0,3
1048,59,Male,Married,0,4
1049,45,Male,Single,2,2
1050,53,Female,Married,0,3
1052,36,Male,Divorced,1,1
1053,26,Male,Married,1,0
1055,34,Female,Married,0,0
1056,28,Male,Married,0,2
1060,38,Male,Married,1,1
1061,50,Male,Married,1,2
1062,37,Female,Single,1,1
1066,40,Male,Married,0,3
1068,26,Female,Divorced,1,2
1069,46,Male,Divorced,1,2
1070,54,Female,Married,0,0
1071,56,Female,Married,1,2
1073,36,Female,Single,1,2
1074,55,Male,Single,1,2
1076,43,Male,Divorced,0,2
1077,20,Female,Single,0,3
1079,21,Female,Single,1,0
1080,46,Female,Divorced,1,0
1081,51,Male,Married,1,0
1082,28,Male,Single,1,4
1083,26,Male,Married,1,2
1084,30,Male,Married,1,1
1085,41,Female,Married,1,4
1088,38,Female,Married,1,0
1092,40,Male,Married,1,4
1094,27,Male,Married,1,0
1096,55,Male,Married,1,0
1097,28,Female,Single,1,1
1098,44,Male,Married,2,2
1099,33,Male,Divorced,1,0
1100,35,Male,Single,0,4
1101,33,Female,Single,1,2
1102,28,Male,Divorced,1,0
1103,34,Male,Single,1,0
1105,37,Female,Divorced,0,0
1106,25,Male,Married,1,4
1107,26,Male,Divorced,1,2
1108,33,Male,Single,1,2
1109,42,Male,Married,1,2
1111,28,Male,Divorced,1,2
1113,50,Male,Single,0,1
1114,33,Female,Married,0,0
1115,34,Male,Married,1,0
1116,48,Male,Single,1,2
1117,45,Female,Married,0,0
1118,52,Male,Single,1,0
1119,38,Male,Divorced,0,3
1120,29,Female,Divorced,1,0
1121,28,Female,Divorced,1,2
1124,46,Male,Married,0,3
1125,38,Male,Single,0,3
1126,43,Female,Married,1,0
1127,39,Male,Divorced,1,0
1128,40,Male,Single,1,2
1131,21,Female,Single,1,4
1132,39,Male,Single,1,0
1133,36,Male,Single,1,0
1135,31,Male,Married,0,0
1136,28,Male,Married,1,0
1137,35,Male,Divorced,0,3
1138,49,Male,Married,0,4
1140,34,Male,Single,1,0
1143,29,Female,Divorced,1,0
1148,42,Male,Single,1,2
1150,29,Male,Married,1,2
1152,38,Male,Married,2,5
1154,28,Male,Divorced,1,0
1156,18,Male,Single,1,2
1157,33,Female,Single,0,3
1158,41,Male,Married,1,0
1160,31,Male,Married,1,2
1161,37,Female,Divorced,1,2
1162,27,Male,Married,1,0
1163,34,Female,Married,0,0
1164,35,Male,Single,2,4
1165,29,Female,Married,0,0
1166,40,Female,Single,1,2
1167,42,Male,Single,0,0
1171,42,Male,Single,0,3
1172,35,Male,Married,1,2
1173,24,Male,Single,1,2
1175,28,Female,Married,1,0
1177,26,Male,Married,1,2
1179,30,Male,Married,0,3
1180,40,Female,Married,1,2
1182,35,Male,Divorced,1,0
1184,34,Male,Single,1,2
1185,35,Male,Married,1,1
1188,43,Female,Single,0,3
1190,32,Female,Divorced,0,0
1191,56,Female,Divorced,1,4
1192,29,Female,Married,1,2
1193,19,Male,Single,1,0
1195,45,Female,Married,1,2
1196,37,Female,Married,1,0
1198,20,Male,Single,1,0
1200,44,Male,Single,1,0
1201,53,Female,Divorced,1,2
1202,29,Female,Married,1,0
1203,22,Male,Married,1,0
1204,46,Female,Married,0,3
1206,44,Male,Single,1,0
1207,33,Male,Married,2,5
1210,41,Male,Divorced,1,0
1211,30,Male,Divorced,0,0
1212,40,Male,Married,0,2
1215,50,Female,Married,1,2
1216,28,Male,Married,1,2
1217,46,Male,Married,1,0
1218,35,Male,Married,0,0
1219,24,Female,Married,1,0
1220,33,Female,Married,0,2
1221,36,Male,Divorced,1,0
1224,30,Male,Divorced,1,0
1225,44,Male,Single,1,1
1226,20,Male,Single,0,3
1228,46,Male,Divorced,1,4
1231,42,Male,Married,2,2
1233,60,Male,Divorced,0,3
1234,32,Female,Married,1,1
1235,32,Female,Single,1,0
1237,36,Female,Divorced,1,4
1238,33,Male,Married,1,2
1239,40,Female,Divorced,0,4
1240,25,Male,Single,0,0
1241,30,Male,Married,1,2
1242,42,Female,Married,1,2
1243,35,Female,Married,0,3
1244,27,Male,Married,1,0
1245,54,Female,Divorced,1,0
1246,44,Female,Married,1,0
1248,19,Female,Single,1,2
1249,29,Female,Divorced,1,0
1250,54,Male,Married,1,0
1251,31,Male,Married,1,2
1252,31,Female,Single,1,2
1254,59,Female,Single,0,0
1255,43,Male,Married,1,0
1256,49,Male,Married,1,2
1257,36,Male,Married,1,4
1258,48,Male,Single,1,4
1259,27,Male,Divorced,1,0
1260,29,Male,Divorced,1,0
1263,48,Male,Single,1,0
1264,29,Female,Divorced,1,0
1265,34,Female,Married,1,4
1267,44,Male,Married,0,3
1268,33,Male,Divorced,0,3
1269,19,Female,Single,1,0
1270,23,Male,Married,1,0
1273,25,Male,Single,0,0
1275,26,Male,Single,1,0
1277,45,Female,Single,0,3
1278,55,Male,Divorced,1,2
1279,21,Female,Single,1,0
1280,46,Female,Married,0,3
1281,34,Female,Single,0,3
1282,51,Male,Divorced,0,0
1283,59,Male,Single,1,2
1285,34,Female,Divorced,1,2
1286,28,Male,Single,1,2
1288,44,Male,Divorced,1,0
1289,34,Male,Married,2,0
1291,35,Male,Married,1,0
1292,42,Female,Married,1,2
1293,43,Female,Single,0,3
1294,36,Female,Single,1,0
1295,44,Female,Married,1,2
1296,28,Male,Married,1,0
1297,51,Female,Single,1,2
1298,30,Female,Single,1,2
1299,29,Female,Divorced,1,4
1301,28,Male,Single,1,4
1303,25,Female,Single,1,2
1304,32,Male,Married,0,2
1306,45,Female,Single,1,2
1307,39,Female,Divorced,1,2
1308,58,Male,Divorced,1,0
1309,32,Male,Married,1,0
1310,39,Male,Single,1,2
1311,30,Female,Married,1,4
1312,36,Female,Married,1,4
1314,46,Female,Single,2,0
1315,28,Female,Married,1,0
1317,50,Female,Married,1,0
1318,40,Male,Single,0,3
1319,52,Male,Single,0,0
1321,30,Female,Married,1,2
1322,39,Male,Single,1,0
1324,31,Female,Divorced,0,0
1329,41,Male,Single,0,2
1331,31,Female,Single,0,0
1333,44,Male,Married,1,0
1334,42,Male,Married,1,0
1336,55,Female,Married,1,2
1338,56,Male,Single,2,0
1340,40,Male,Divorced,1,0
1344,34,Male,Divorced,1,0
1346,40,Male,Single,1,0
1349,41,Female,Divorced,0,3
1350,35,Male,Single,1,0
1352,51,Male,Divorced,2,0
1355,38,Female,Divorced,0,0
1356,34,Female,Single,0,2
1358,25,Male,Married,1,2
1360,58,Female,Married,1,2
1361,40,Male,Married,1,0
1362,36,Female,Married,0,3
1363,48,Male,Single,1,0
1364,27,Female,Married,0,2
1367,51,Female,Single,1,4
1368,18,Female,Single,1,0
1369,35,Female,Married,1,2
1371,27,Male,Single,0,0
1372,55,Male,Single,0,3
1373,56,Male,Married,1,0
1374,34,Female,Divorced,1,4
1375,40,Female,Divorced,1,2
1377,34,Male,Married,1,2
1379,31,Female,Single,0,0
1380,35,Female,Married,0,3
1382,38,Male,Divorced,1,0
1383,34,Female,Single,1,4
1387,28,Male,Married,0,0
1389,31,Male,Married,1,2
1390,39,Male,Married,0,0
1391,51,Male,Married,0,3
1392,41,Female,Divorced,1,0
1394,37,Male,Married,1,0
1395,33,Male,Married,0,0
1396,32,Male,Married,0,3
1397,39,Male,Married,1,0
1399,25,Male,Married,0,0
1401,52,Female,Married,1,2
1402,43,Female,Single,1,2
1403,27,Female,Married,0,3
1405,27,Female,Single,1,0
1407,26,Male,Single,1,2
1408,42,Female,Married,2,5
1409,52,Female,Married,1,1
1411,37,Female,Single,1,2
1412,35,Male,Single,1,0
1415,25,Male,Married,1,4
1417,26,Male,Single,1,1
1419,29,Male,Single,2,1
1420,49,Male,Single,1,0
1421,29,Female,Single,1,1
1422,54,Female,Single,1,2
1423,58,Female,Married,1,2
1424,55,Male,Divorced,1,2
1425,36,Female,Single,0,3
1427,31,Female,Single,0,0
1428,30,Female,Divorced,0,3
1430,31,Female,Single,1,0
1431,34,Male,Divorced,1,1
1433,31,Female,Single,1,0
1434,27,Male,Married,1,0
1435,36,Male,Single,1,0
1436,36,Female,Married,0,3
1438,47,Male,Married,1,4
1439,25,Male,Married,0,0
1440,37,Male,Single,1,4
1441,56,Female,Married,1,0
1443,47,Female,Married,1,2
1445,24,Female,Married,0,2
1446,32,Male,Married,0,3
1447,34,Female,Married,1,0
1448,41,Male,Married,1,2
1449,40,Male,Divorced,1,1
1453,31,Male,Divorced,0,0
1457,46,Male,Divorced,0,3
1458,39,Female,Single,1,0
1459,31,Female,Single,1,0
1460,45,Male,Divorced,1,2
1461,31,Female,Single,2,2
1464,31,Male,Married,1,0
1465,45,Male,Married,1,4
1466,48,Male,Divorced,0,3
1467,34,Female,Married,2,4
1468,40,Male,Divorced,1,2
1469,28,Male,Single,0,2
1471,44,Male,Single,1,0
1472,53,Male,Single,1,2
1473,49,Male,Married,1,4
1474,40,Male,Divorced,1,2
1475,44,Male,Single,1,0
1477,33,Male,Married,0,2
1478,34,Male,Single,0,1
1479,30,Male,Married,0,0
1480,42,Female,Single,1,2
1481,44,Female,Married,0,3
1482,30,Male,Divorced,1,4
1483,57,Male,Married,1,0
1484,49,Male,Divorced,1,0
1485,34,Male,Divorced,1,2
1486,28,Male,Married,0,4
1487,29,Female,Single,0,4
1489,34,Female,Single,0,2
1492,35,Male,Married,0,0
1494,24,Male,Single,1,2
1495,24,Female,Married,0,0
1496,44,Male,Single,1,2
1497,29,Male,Divorced,0,0
1499,30,Male,Divorced,2,0
1501,55,Male,Married,1,0
1502,33,Female,Married,1,2
1503,47,Female,Married,0,2
1504,28,Male,Single,1,2
1506,28,Male,Divorced,1,0
1507,28,Male,Single,0,0
1509,49,Female,Married,1,2
1513,29,Female,Married,1,0
1514,28,Male,Married,1,0
1515,33,Male,Single,1,0
1516,32,Male,Single,1,2
1520,54,Female,Divorced,1,2
1522,29,Male,Single,1,4
1523,44,Male,Married,1,0
1525,39,Female,Single,1,0
1527,46,Female,Married,0,0
1529,35,Female,Single,1,0
1533,23,Male,Single,1,0
1534,40,Male,Single,1,0
1535,34,Male,Married,0,4
1537,31,Female,Single,1,0
1539,50,Male,Single,1,2
1541,34,Male,Married,0,4
1542,42,Male,Married,1,2
1543,37,Male,Married,1,2
1544,29,Female,Married,1,1
1545,33,Male,Single,1,0
1546,45,Male,Married,1,4
1547,42,Male,Married,1,0
1548,40,Male,Married,0,2
1549,33,Male,Married,1,0
1550,40,Male,Single,2,2
1551,24,Male,Divorced,1,4
1552,40,Male,Divorced,1,0
1553,45,Male,Divorced,1,4
1554,35,Female,Married,0,0
1555,32,Female,Married,1,0
1556,36,Male,Single,0,0
1557,48,Female,Divorced,0,0
1558,29,Male,Married,1,0
1560,33,Male,Married,0,0
1562,30,Male,Married,0,0
1563,38,Male,Married,2,5
1564,35,Male,Single,1,2
1568,30,Male,Married,0,4
1569,35,Female,Divorced,1,0
1572,53,Female,Married,1,4
1573,38,Male,Married,1,2
1574,32,Male,Married,1,4
1576,48,Female,Married,1,1
1577,34,Male,Single,1,2
1578,55,Male,Married,0,3
1580,34,Male,Married,1,0
1581,26,Female,Married,1,0
1582,38,Male,Married,0,0
1583,38,Female,Single,0,0
1585,36,Female,Single,0,0
1586,29,Male,Single,1,2
1587,35,Female,Single,1,2
1588,39,Male,Married,0,2
1590,29,Male,Divorced,1,0
1591,50,Male,Married,0,3
1592,23,Male,Married,1,4
1594,36,Male,Married,1,0
1595,42,Male,Single,1,1
1596,35,Male,Married,1,0
1597,34,Male,Married,1,4
1598,40,Female,Married,0,0
1599,43,Male,Divorced,1,4
1601,35,Male,Married,1,0
1602,46,Male,Single,0,0
1604,28,Male,Married,1,2
1605,22,Female,Married,1,1
1606,50,Male,Married,1,2
1607,32,Female,Married,1,1
1608,44,Female,Divorced,1,2
1609,30,Male,Married,1,2
1611,45,Female,Single,1,2
1612,45,Male,Married,0,3
1613,31,Male,Single,0,1
1614,36,Female,Married,1,0
1615,34,Male,Divorced,1,0
1617,49,Female,Married,1,0
1618,39,Male,Married,1,2
1619,27,Male,Divorced,1,1
1621,35,Male,Married,1,0
1622,28,Female,Divorced,1,2
1623,21,Male,Single,1,2
1624,18,Female,Single,0,2
1625,47,Female,Married,2,0
1627,39,Male,Divorced,1,2
1628,40,Female,Married,1,0
1630,35,Female,Married,1,0
1631,37,Male,Married,1,0
1633,39,Female,Single,1,2
1635,45,Female,Divorced,1,1
1638,38,Female,Married,1,2
1639,35,Male,Married,0,2
1640,37,Female,Married,1,2
1641,40,Female,Single,1,0
1642,44,Male,Married,2,5
1644,48,Male,Married,1,2
1645,35,Male,Divorced,0,2
1646,24,Female,Single,1,4
1647,27,Female,Married,1,2
1648,27,Male,Single,1,2
1649,40,Male,Single,1,0
1650,29,Male,Single,0,2
1651,36,Female,Married,1,0
1653,25,Male,Divorced,1,0
1654,39,Male,Married,1,2
1655,49,Female,Married,1,1
1656,50,Female,Divorced,1,0
1657,20,Female,Single,0,2
1658,34,Female,Divorced,1,0
1659,36,Male,Single,1,0
1661,49,Female,Married,1,0
1662,36,Female,Married,1,2
1664,36,Male,Divorced,1,0
1665,54,Female,Married,1,2
1666,43,Male,Married,1,0
1667,35,Male,Single,0,1
1668,38,Male,Married,1,0
1669,29,Male,Divorced,0,2
1670,33,Male,Divorced,0,2
1671,32,Male,Divorced,1,2
1673,31,Female,Married,0,0
1674,49,Female,Divorced,1,2
1675,38,Female,Single,1,2
1676,47,Female,Divorced,0,0
1677,49,Male,Single,1,0
1678,41,Male,Single,0,0
1680,20,Male,Single,0,0
1681,33,Female,Divorced,0,0
1682,36,Male,Married,1,0
1683,44,Female,Divorced,2,0
1684,23,Male,Single,1,2
1687,38,Female,Married,1,2
1689,53,Male,Married,1,2
1691,48,Female,Married,0,2
1692,32,Male,Single,1,0
1693,26,Male,Single,1,2
1694,55,Male,Divorced,1,4
1696,34,Male,Married,1,2
1697,60,Male,Divorced,1,2
1698,33,Male,Married,1,2
1700,37,Male,Divorced,0,2
1701,34,Female,Married,1,0
1702,23,Male,Divorced,0,0
1703,44,Female,Married,1,0
1704,35,Male,Single,1,2
1706,43,Male,Married,0,2
1707,24,Male,Married,1,2
1708,41,Male,Single,0,3
1709,29,Female,Married,1,2
1710,36,Female,Single,0,0
1712,45,Male,Married,1,0
1714,24,Male,Married,2,5
1716,47,Male,Married,0,0
1718,26,Male,Married,1,2
1719,45,Female,Single,1,4
1720,32,Male,Married,1,0
1721,31,Male,Married,1,0
1722,41,Male,Married,2,5
1724,40,Female,Married,1,0
1725,24,Male,Divorced,1,2
1727,46,Male,Single,1,0
1728,35,Male,Married,1,0
1729,30,Male,Married,1,0
1731,47,Male,Married,0,3
1732,46,Male,Divorced,0,0
1733,36,Male,Divorced,0,3
1734,32,Male,Single,0,0
1735,23,Female,Single,1,2
1736,31,Female,Single,1,4
1737,39,Male,Married,1,0
1739,32,Male,Married,0,0
1740,40,Male,Single,0,2
1744,45,Female,Married,2,0
1745,30,Female,Single,1,4
1746,24,Male,Married,2,2
1747,30,Female,Divorced,2,5
1749,31,Male,Married,0,4
1751,27,Female,Single,1,2
1752,29,Female,Single,0,3
1753,29,Male,Single,1,0
1754,30,Male,Divorced,0,3
1755,34,Male,Married,1,2
1756,33,Female,Single,0,3
1757,49,Female,Single,0,3
1758,33,Female,Single,0,0
1760,38,Female,Married,1,2
1761,31,Male,Married,0,3
1762,29,Female,Divorced,1,4
1763,30,Male,Married,1,0
1764,32,Male,Single,1,4
1766,38,Male,Married,1,2
1767,43,Male,Married,1,4
1768,42,Male,Divorced,1,2
1770,55,Male,Married,1,2
1771,33,Male,Divorced,1,4
1772,41,Male,Divorced,1,0
1774,34,Male,Divorced,0,0
1775,53,Female,Married,1,2
1778,43,Male,Single,2,0
1779,34,Female,Single,0,0
1780,21,Male,Single,0,3
1782,38,Female,Married,1,1
1783,22,Female,Married,1,2
1784,31,Female,Married,0,3
1786,51,Female,Married,1,4
1787,37,Male,Married,0,3
1789,46,Male,Divorced,1,2
1790,36,Male,Married,1,0
1792,44,Male,Divorced,1,2
1794,37,Male,Divorced,2,1
1797,35,Male,Single,0,0
1798,33,Male,Married,1,0
1799,28,Male,Married,1,0
1800,39,Male,Single,1,2
1801,46,Male,Single,0,0
1802,40,Female,Married,1,0
1803,42,Male,Married,1,2
1804,35,Male,Divorced,1,2
1805,38,Male,Divorced,2,5
1807,34,Male,Married,1,0
1809,37,Male,Single,1,2
1812,39,Male,Divorced,0,0
1813,43,Male,Single,1,0
1814,41,Male,Single,1,0
1815,41,Female,Divorced,0,3
1816,30,Female,Single,1,2
1818,26,Female,Married,2,2
1821,46,Female,Married,1,2
1822,40,Female,Divorced,1,0
1823,34,Male,Married,0,4
1824,58,Male,Divorced,0,2
1826,35,Male,Married,1,2
1827,47,Female,Divorced,1,0
1829,40,Female,Divorced,1,0
1830,54,Female,Married,1,2
1833,31,Female,Married,0,3
1834,28,Female,Married,1,2
1835,38,Female,Married,0,3
1836,26,Male,Single,0,2
1837,58,Male,Married,1,0
1839,18,Female,Single,1,2
1842,31,Male,Married,2,5
1844,29,Male,Divorced,2,5
1845,45,Female,Married,0,0
1847,36,Female,Married,1,1
1849,43,Male,Married,0,0
1850,27,Female,Single,1,0
1852,29,Male,Married,1,2
1853,32,Male,Single,0,3
1854,42,Male,Married,1,4
1856,47,Female,Single,1,0
1857,46,Male,Divorced,1,0
1858,28,Male,Divorced,2,0
1859,29,Male,Divorced,1,0
1860,42,Male,Single,1,0
1862,32,Male,Single,0,3
1863,46,Female,Divorced,0,4
1864,27,Female,Married,0,2
1865,29,Male,Married,2,2
1866,43,Female,Married,1,2
1867,48,Male,Married,1,0
1868,29,Male,Single,1,0
1869,46,Female,Married,0,0
1870,27,Female,Married,1,0
1871,39,Male,Divorced,1,1
1873,55,Male,Married,1,4
1875,28,Female,Married,0,2
1876,30,Male,Single,0,2
1878,22,Male,Single,1,0
1880,36,Female,Married,0,4
1881,31,Male,Divorced,1,0
1882,34,Male,Married,0,0
1883,29,Male,Single,1,0
1885,37,Male,Married,1,2
1886,35,Female,Married,1,1
1888,45,Female,Married,1,0
1890,36,Male,Single,2,5
1892,40,Male,Divorced,1,0
1893,26,Female,Married,1,0
1898,27,Female,Single,0,2
1900,48,Female,Divorced,1,2
1903,44,Male,Married,1,0
1905,34,Male,Married,1,4
1907,56,Male,Single,1,0
1908,36,Male,Married,0,3
1909,41,Female,Married,0,3
1911,42,Male,Married,1,2
1912,31,Female,Divorced,0,2
1915,34,Female,Married,0,2
1916,31,Female,Divorced,1,2
1918,26,Male,Married,1,1
1922,45,Male,Single,1,2
1924,33,Male,Single,0,3
1927,28,Male,Married,0,0
1928,29,Male,Single,0,4
1929,39,Female,Married,0,0
1931,27,Male,Married,1,4
1932,34,Male,Married,1,1
1933,28,Female,Single,0,3
1934,47,Male,Married,1,4
1935,56,Female,Married,0,3
1936,39,Male,Married,1,2
1937,38,Female,Divorced,1,2
1938,58,Female,Married,0,0
1939,32,Female,Single,1,0
1940,38,Male,Divorced,1,0
1941,49,Male,Married,1,0
1943,42,Male,Divorced,0,3
1944,27,Female,Married,2,5
1945,35,Male,Married,0,2
1947,28,Male,Single,1,2
1948,31,Male,Divorced,1,2
1949,36,Male,Married,1,0
1950,34,Male,Single,0,3
1951,34,Male,Divorced,0,2
1952,26,Male,Single,1,2
1954,29,Male,Married,1,0
1955,32,Female,Divorced,1,2
1956,31,Male,Married,1,0
1960,28,Male,Divorced,1,4
1961,38,Male,Single,0,0
1962,35,Female,Married,0,0
1965,27,Male,Single,0,3
1966,32,Male,Single,1,0
1967,31,Male,Married,0,3
1968,53,Male,Single,0,0
1969,54,Female,Married,1,0
1970,33,Male,Divorced,1,0
1971,43,Male,Married,1,0
1972,38,Male,Married,2,1
1973,55,Male,Married,2,5
1974,31,Female,Divorced,1,2
1975,39,Male,Single,0,3
1976,42,Male,Single,1,0
1979,31,Female,Married,1,2
1980,54,Female,Single,1,2
1981,24,Male,Single,1,0
1982,23,Male,Single,1,1
1985,40,Female,Married,1,4
1986,40,Female,Married,0,3
1987,25,Female,Married,2,5
1989,30,Male,Married,1,2
1992,25,Male,Divorced,1,1
1993,47,Male,Single,1,2
1994,33,Male,Divorced,1,2
1995,38,Male,Married,0,0
1996,31,Male,Married,0,0
1997,38,Male,Married,1,0
1998,42,Male,Divorced,1,0
1999,41,Male,Married,1,0
2000,47,Female,Married,1,2
2003,35,Male,Married,1,2
2007,22,Male,Single,1,0
2008,35,Male,Single,1,2
2009,33,Female,Married,1,2
2010,32,Female,Single,1,0
2012,40,Male,Married,1,0
2013,32,Male,Married,0,2
2014,39,Male,Single,1,0
2015,38,Female,Married,1,2
2016,32,Female,Married,0,3
2017,37,Female,Married,1,0
2018,25,Female,Divorced,0,1
2019,52,Male,Divorced,0,0
2020,44,Male,Single,1,2
2021,21,Male,Single,0,2
2022,39,Male,Single,1,0
2023,23,Male,Married,0,3
2024,36,Female,Married,0,2
2025,36,Female,Divorced,1,0
2026,56,Male,Divorced,1,0
2027,29,Male,Married,1,2
2031,42,Male,Married,1,0
2032,56,Male,Married,1,4
2034,41,Female,Married,1,0
2035,34,Female,Married,0,3
2036,36,Male,Divorced,0,3
2037,41,Male,Divorced,0,0
2038,32,Male,Single,1,4
2040,35,Female,Single,2,0
2041,38,Female,Married,0,0
2044,50,Male,Divorced,0,0
2045,36,Female,Married,0,3
2046,45,Female,Single,0,0
2048,40,Male,Single,1,0
2049,35,Male,Married,1,0
2051,40,Female,Married,1,2
2052,35,Female,Married,1,0
2053,29,Male,Married,1,1
2054,29,Female,Single,1,2
2055,50,Male,Divorced,0,3
2056,39,Female,Married,0,3
2057,31,Male,Single,1,2
2060,26,Female,Single,0,1
2061,36,Male,Married,1,2
2062,39,Male,Married,1,2
2064,27,Male,Married,1,0
2065,49,Male,Married,0,2
2068,34,Male,Married,1,2
